<manifest identifier="cctd0014"
  xmlns="http://www.imsglobal.org/xsd/imsccv1p1/imscp_v1p1"
  xmlns:lom="http://ltsc.ieee.org/xsd/imsccv1p1/LOM/resource"
  xmlns:lomimscc="http://ltsc.ieee.org/xsd/imsccv1p1/LOM/manifest"
  xmlns:xsi="http://www.w3.org/2001/XMLSchema-instance" 
  xsi:schemaLocation="
  http://ltsc.ieee.org/xsd/imsccv1p1/LOM/resource http://www.imsglobal.org/profile/cc/ccv1p1/LOM/ccv1p1_lomresource_v1p0.xsd 
  http://www.imsglobal.org/xsd/imsccv1p1/imscp_v1p1 http://www.imsglobal.org/profile/cc/ccv1p1/ccv1p1_imscp_v1p2_v1p0.xsd 
  http://ltsc.ieee.org/xsd/imsccv1p1/LOM/manifest http://www.imsglobal.org/profile/cc/ccv1p1/LOM/ccv1p1_lommanifest_v1p0.xsd">
  <metadata>
    <schema>IMS Common Cartridge</schema>
    <schemaversion>1.1.0</schemaversion>
    <lomimscc:lom>
      <lomimscc:general>
        <lomimscc:title>
          <lomimscc:string language="en-US">Common Cartridge Test Data Set - Validation Cartridge 1</lomimscc:string>
        </lomimscc:title>
        <lomimscc:description>
          <lomimscc:string language="en-US">Sample Common Cartridge with a Lesson Plan and a Syllabus content type</lomimscc:string>
        </lomimscc:description>
        <lomimscc:keyword>
          <lomimscc:string language="en-US">Sample</lomimscc:string>
        </lomimscc:keyword>
      </lomimscc:general>
    </lomimscc:lom>
  </metadata>
  <organizations>
    <organization identifier="O_1" structure="rooted-hierarchy">
        <item identifier="I_00000">
          <item identifier="I_00001" identifierref="I_00001_R">
            <title>Syllabus</title>
          </item>
          <item identifier="I_00002" identifierref="I_00002_R">
            <title>Lesson Plan</title>
          </item>
          <item identifier="I_00003" identifierref="I_00003_R">
            <title>Lesson Objectives</title>
          </item>
        </item>
    </organization>
  </organizations>
  <resources>
    <resource href="resources/syllabus.pdf" identifier="I_00001_R" type="webcontent" intendeduse="syllabus">
      <file href="resources/syllabus.pdf"/>
    </resource>
    <resource href="resources/lessonplan.pdf" identifier="I_00002_R" type="webcontent" intendeduse="lessonplan">
      <metadata>
        <lom:lom>
          <lom:educational>
            <lom:context>
              <lom:source>LOMv1.0</lom:source>
              <lom:value>higher education</lom:value>
            </lom:context>
            <lom:intendedEndUserRole>
              <lom:source>IMSGLC_CC_Rolesv1p1</lom:source>
              <lom:value>Instructor</lom:value>
            </lom:intendedEndUserRole>
          </lom:educational>
        </lom:lom>
      </metadata>
      <file href="resources/lessonplan.pdf"/>
    </resource>
    <resource identifier="I_00003_R" type="imsapip_zipv1p0">
      <filehref="doesntexistlol.zip" />
    </resource>
    <resource identifier="I_00004_R" type="imsiwb_iwbv1p0">
      <filehref="doesntexistlol.zip" />
    </resource>
    <resource identifier="I_00005_R" type="idpfepub_epubv3p0">
      <filehref="doesntexistlol.zip" />
    </resource>
  </resources>
</manifest>
