<?xml version="1.0"?>
<manifest xmlns="http://www.imsglobal.org/xsd/imsccv1p1/imscp_v1p1" xmlns:lom="http://ltsc.ieee.org/xsd/imsccv1p1/LOM/resource" xmlns:imsmd="http://www.imsglobal.org/xsd/imsmd_v1p2" xmlns:xsi="http://www.w3.org/2001/XMLSchema-instance" identifier="0bbb28897539797a8b51537bd85a39ea" xsi:schemaLocation="http://www.imsglobal.org/xsd/imsccv1p1/imscp_v1p1 http://www.imsglobal.org/xsd/imscp_v1p1.xsd http://ltsc.ieee.org/xsd/imsccv1p1/LOM/resource http://www.imsglobal.org/profile/cc/ccv1p1/LOM/ccv1p1_lomresource_v1p0.xsd http://www.imsglobal.org/xsd/imsmd_v1p2 http://www.imsglobal.org/xsd/imsmd_v1p2p2.xsd">
  <metadata>
    <schema>IMS Content</schema>
    <schemaversion>1.1.3</schemaversion>
    <imsmd:lom>
      <imsmd:general>
        <imsmd:title>
          <imsmd:string>QTI Quiz Export for </imsmd:string>
        </imsmd:title>
      </imsmd:general>
      <imsmd:lifeCycle>
        <imsmd:contribute>
          <imsmd:date>
            <imsmd:dateTime>2024-03-07</imsmd:dateTime>
          </imsmd:date>
        </imsmd:contribute>
      </imsmd:lifeCycle>
      <imsmd:rights>
        <imsmd:copyrightAndOtherRestrictions>
          <imsmd:value>yes</imsmd:value>
        </imsmd:copyrightAndOtherRestrictions>
        <imsmd:description>
          <imsmd:string>Private (Copyrighted) - http://en.wikipedia.org/wiki/Copyright</imsmd:string>
        </imsmd:description>
      </imsmd:rights>
    </imsmd:lom>
  </metadata>
  <organizations/>
  <resources>
    <resource identifier="gdbb1b3860016ed4d2392d017a493f0ec" type="imsqti_xmlv1p2">
      <file href="gdbb1b3860016ed4d2392d017a493f0ec/gdbb1b3860016ed4d2392d017a493f0ec.xml"/>
      <dependency identifierref="f55c8f6266907fbae98020d892043aff"/>
    </resource>
    <resource identifier="f55c8f6266907fbae98020d892043aff" type="associatedcontent/imscc_xmlv1p1/learning-application-resource" href="gdbb1b3860016ed4d2392d017a493f0ec/assessment_meta.xml">
      <file href="gdbb1b3860016ed4d2392d017a493f0ec/assessment_meta.xml"/>
    </resource>
    <resource identifier="g7a6297c8c5fe5c3dabc42d0ee182dcb8" type="imsqti_xmlv1p2">
      <file href="g7a6297c8c5fe5c3dabc42d0ee182dcb8/g7a6297c8c5fe5c3dabc42d0ee182dcb8.xml"/>
      <dependency identifierref="3a6b2b2331ee38109fa919fce3d3b211"/>
    </resource>
    <resource identifier="3a6b2b2331ee38109fa919fce3d3b211" type="associatedcontent/imscc_xmlv1p1/learning-application-resource" href="g7a6297c8c5fe5c3dabc42d0ee182dcb8/assessment_meta.xml">
      <file href="g7a6297c8c5fe5c3dabc42d0ee182dcb8/assessment_meta.xml"/>
    </resource>
    <resource identifier="fcd822ac6e19f0c24aa9779983f74b43" type="webcontent" href="Uploaded Media/someuuid1">
      <file href="Uploaded Media/someuuid1"/>
    </resource>
    <resource identifier="41b3ae707038fe4dbaf157e93fcc288a" type="webcontent" href="Uploaded Media/someuuid2">
      <file href="Uploaded Media/someuuid2"/>
    </resource>
  </resources>
</manifest>
