<?xml version="1.0" encoding="UTF-8"?>
<manifest identifier="man00001" xmlns="http://www.imsglobal.org/xsd/imsccv1p2/imscp_v1p1"
          xmlns:lom="http://ltsc.ieee.org/xsd/imsccv1p2/LOM/resource"
          xmlns:lomimscc="http://ltsc.ieee.org/xsd/imsccv1p2/LOM/manifest"
          xmlns:xsi="http://www.w3.org/2001/XMLSchema-instance">
  <metadata>
    <schema>IMS Common Cartridge</schema>
    <schemaversion>1.2.0</schemaversion>
    <lomimscc:lom>
      <lomimscc:general>
        <lomimscc:title>
          <lomimscc:string>Sample Course</lomimscc:string>
        </lomimscc:title>
        <lomimscc:description>
          <lomimscc:string>CC 1.2 example</lomimscc:string>
        </lomimscc:description>
      </lomimscc:general>
    </lomimscc:lom>
  </metadata>
</manifest>