<?xml version="1.0" encoding="UTF-8"?>
<course xmlns:xsi="http://www.w3.org/2001/XMLSchema-instance" xsi:schemaLocation="http://canvas.instructure.com/xsd/cccv1p0 http://canvas.instructure.com/xsd/cccv1p0.xsd" xmlns="http://canvas.instructure.com/xsd/cccv1p0" identifier="icd8b243d17effde5f313511621ee6175">
  <title>ioiuijij</title>
  <course_code>ioiuijij</course_code>
  <is_public>false</is_public>
  <publish_grades_immediately>true</publish_grades_immediately>
  <allow_student_wiki_edits>false</allow_student_wiki_edits>
  <allow_student_forum_attachments>false</allow_student_forum_attachments>
  <allow_student_organized_groups>true</allow_student_organized_groups>
  <default_view>feed</default_view>
  <license>private</license>
  <settings/>
  <grading_standard_enabled>false</grading_standard_enabled>
  <storage_quota>524288000</storage_quota>
</course>
