<?xml version="1.0" encoding="UTF-8"?>
<manifest xmlns="http://www.imsglobal.org/xsd/imsccv1p1/imscp_v1p1" xmlns:lom="http://ltsc.ieee.org/xsd/imsccv1p1/LOM/resource" xmlns:lomimscc="http://ltsc.ieee.org/xsd/imsccv1p1/LOM/manifest" xmlns:xsi="http://www.w3.org/2001/XMLSchema-instance" identifier="m2c16a5320fa475530d9583c34fd356ef5_course" xsi:schemaLocation="http://www.imsglobal.org/xsd/imsccv1p1/imscp_v1p1 http://www.imsglobal.org/profile/cc/ccv1p1/ccv1p1_imscp_v1p2_v1p0.xsd http://ltsc.ieee.org/xsd/imsccv1p1/LOM/resource http://www.imsglobal.org/profile/cc/ccv1p1/LOM/ccv1p1_lomresource_v1p0.xsd http://ltsc.ieee.org/xsd/imsccv1p1/LOM/manifest http://www.imsglobal.org/profile/cc/ccv1p1/LOM/ccv1p1_lommanifest_v1p0.xsd">
  <metadata>
    <schema>IMS Common Cartridge</schema>
    <schemaversion>1.1.0</schemaversion>
    <lomimscc:lom>
      <lomimscc:general>
        <lomimscc:title>
          <lomimscc:string>Spanish I v9 (GS) e12</lomimscc:string>
        </lomimscc:title>
      </lomimscc:general>
      <lomimscc:rights>
        <lomimscc:copyrightAndOtherRestrictions>
          <lomimscc:value>no</lomimscc:value>
        </lomimscc:copyrightAndOtherRestrictions>
      </lomimscc:rights>
    </lomimscc:lom>
  </metadata>
  <organizations>
    <organization identifier="org_1" structure="rooted-hierarchy">
      <item identifier="LearningModules">
        <item identifier="m253c3bce66e43be4f209556518c2fcb54_module">
          <title>Untitled Module</title>
          <item identifier="m2bbffcfcb70d942f092e089b015bc15c5" identifierref="m24122cb13c7a474c1976c9706ae36521d_assessment">
            <title>02.08 Module Two Exam</title>
          </item>
        </item>
      </item>
    </organization>
  </organizations>
  <resources>
    <resource href="web_resources/fluttershy.jpg" type="webcontent" identifier="d996a3bdf616db9206544f9a6621564155bc6367">
      <file href="web_resources/fluttershy.jpg"/>
    </resource>
    <resource href="web_resources/applejack.jpg" type="webcontent" identifier="8f271330efdc6c9aec0078b09b004a9cac500f16">
      <file href="web_resources/applejack.jpg"/>
    </resource>
    <resource identifier="m2c16a5320fa475530d9583c34fd356ef5_course_settings" type="associatedcontent/imscc_xmlv1p1/learning-application-resource" href="course_settings/canvas_export.txt">
      <file href="course_settings/course_settings.xml"/>
      <file href="course_settings/module_meta.xml"/>
    </resource>
    <resource type="imsqti_xmlv1p2/imscc_xmlv1p1/assessment" identifier="m24122cb13c7a474c1976c9706ae36521d_assessment">
      <dependency identifierref="m24122cb13c7a474c1976c9706ae36521d_assessment_meta"/>
    </resource>
    <resource href="m24122cb13c7a474c1976c9706ae36521d_assessment/assessment_meta.xml" type="associatedcontent/imscc_xmlv1p1/learning-application-resource" identifier="m24122cb13c7a474c1976c9706ae36521d_assessment_meta">
      <file href="m24122cb13c7a474c1976c9706ae36521d_assessment/assessment_meta.xml"/>
      <file href="non_cc_assessments/m24122cb13c7a474c1976c9706ae36521d_assessment.xml.qti"/>
    </resource>
  </resources>
</manifest>
