{"file_map":{},"wikis":[],"name":null,"export_folder_path":"/tmp/job-6079567-5e933aee8235.28-20250225-28-w3cyp0/cm_375_user_id_1_cc","course":{"migration_id":"g406c1399c3545c467cf456efb9c467ff","title":"Empty Course","course_code":"EC","default_view":"modules","storage_quota":"500000000","overridden_course_visibility":"","root_account_uuid":"feUQkxLdaFflNgiNN1OsaYND9xIKr5F911HwgyBu","allow_student_wiki_edits":false,"allow_student_organized_groups":true,"lock_all_announcements":false,"grading_standard_enabled":false,"usage_rights_required":false,"restrict_student_future_view":false,"restrict_student_past_view":false,"homeroom_course":false,"enable_course_paces":false,"start_at":null,"conclude_at":null,"default_post_policy":{"post_manually":false}},"assignment_groups":[{"migration_id":"g8c2a8487d9e3c4d6a1cc6ae2e2cb3aa0","title":"Assignments","position":1,"group_weight":0.0,"rules":[]}],"external_tools":[],"external_feeds":[],"grading_standards":[],"learning_outcomes":[],"modules":[],"course_paces":[],"rubrics":[],"calendar_events":[],"late_policy":{},"blueprint_settings":{},"context_info":{"course_id":"179","course_name":"Empty Course","root_account_id":"10000000000001","root_account_uuid":"feUQkxLdaFflNgiNN1OsaYND9xIKr5F911HwgyBu","root_account_name":"Mysti Docker","canvas_domain":"canvas-web.inseng.test"},"assignments":[],"discussion_topics":[],"announcements":[],"tool_profiles":[],"all_files_zip":"/tmp/job-6079567-5e933aee8235.28-20250225-28-w3cyp0/cm_375_user_id_1_cc/all_files.zip","media_tracks":{},"lti_resource_links":[],"assessment_questions":{"assessment_questions":[],"preprocessed":true},"assessments":{"assessments":[]},"assessment_question_banks":[],"full_export_file_path":"/tmp/job-6079567-5e933aee8235.28-20250225-28-w3cyp0/cm_375_user_id_1_cc/course_export.json","overview_file_path":"/tmp/job-6079567-5e933aee8235.28-20250225-28-w3cyp0/cm_375_user_id_1_cc/overview.json"}