<?xml version="1.0" encoding="UTF-8"?>
<quiz xmlns:xsi="http://www.w3.org/2001/XMLSchema-instance" xmlns="http://canvas.instructure.com/xsd/cccv1p0" identifier="m24122cb13c7a474c1976c9706ae36521d_assessment" xsi:schemaLocation="http://canvas.instructure.com/xsd/cccv1p0 http://canvas.instructure.com/xsd/cccv1p0.xsd">
  <title>02.08 Module Two Exam</title>
  <description/>
  <allowed_attempts>-1</allowed_attempts>
  <scoring_policy>keep_highest</scoring_policy>
  <access_code/>
  <ip_filter/>
  <shuffle_answers>false</shuffle_answers>
  <quiz_type>practice_quiz</quiz_type>
  <lock_at>1970-01-01T00:00:00</lock_at>
  <unlock_at>1970-01-01T00:00:00</unlock_at>
</quiz>
