<?xml version="1.0" encoding="UTF-8"?>
<assignment xmlns="http://www.imsglobal.org/xsd/imscc_extensions/assignment"
  xmlns:xsi="http://www.w3.org/2001/XMLSchema-instance" 
  xsi:schemaLocation="http://www.imsglobal.org/xsd/imscc_extensions/assignment http://www.imsglobal.org/profile/cc/cc_extensions/cc_extresource_assignmentv1p0_v1p0.xsd"
  identifier="AssigmentId">
  <title>ignored title</title>
  <text texttype="text/html">&lt;p&gt;It has&#160;&lt;em&gt;html&lt;/em&gt;, and stuff.&lt;/p&gt;
&lt;p&gt;And it can be imported seamlessly with the custom canvas stuff.&lt;/p&gt;
&lt;p&gt;And it still has all the custom properties! yay.&lt;/p&gt;
&lt;p&gt;&lt;img src="%24IMS_CC_FILEBASE%24/dana_small.png" alt="dana_small.png"&gt;&lt;/p&gt;
&lt;p&gt;&#160;&lt;/p&gt;</text>
  <instructor_text texttype="text/plain">Super Secret</instructor_text>
  <gradable>true</gradable>
  <submission_formats>
    <format type="file"/>
    <format type="html"/>
    <format type="text"/>
    <format type="url"/>
  </submission_formats>
  <extensions>
    <assignment identifier="icd613a5039d9a1539e100058efe44242" xmlns="http://canvas.instructure.com/xsd/cccv1p0" xmlns:xsi="http://www.w3.org/2001/XMLSchema-instance" xsi:schemaLocation="http://canvas.instructure.com/xsd/cccv1p0 http://canvas.instructure.com/xsd/cccv1p0.xsd">
      <title>CC extension assignment</title>
      <assignment_group_identifierref>idc318abcab7cf248905a5a27df13d44e</assignment_group_identifierref>
      <workflow_state>published</workflow_state>
      <points_possible>20</points_possible>
      <grading_type>pass_fail</grading_type>
      <all_day>false</all_day>
      <submission_types>online_text_entry,online_url,media_recording,online_upload</submission_types>
      <position>2</position>
      <peer_review_count>0</peer_review_count>
      <peer_reviews_assigned>false</peer_reviews_assigned>
      <peer_reviews>true</peer_reviews>
      <automatic_peer_reviews>false</automatic_peer_reviews>
      <grade_group_students_individually>false</grade_group_students_individually>
      <muted>false</muted>
    </assignment>
  </extensions>
</assignment>