<?xml version="1.0" encoding="UTF-8"?>
<assignment xmlns="http://www.imsglobal.org/xsd/imscc_extensions/assignment"
  xmlns:xsi="http://www.w3.org/2001/XMLSchema-instance" 
  xsi:schemaLocation="http://www.imsglobal.org/xsd/imscc_extensions/assignment http://www.imsglobal.org/profile/cc/cc_extensions/cc_extresource_assignmentv1p0_v1p0.xsd"
  identifier="AssigmentId">
  <title>CC extension assignment 2</title>
  <text texttype="text/html">hi, the canvas meta stuff does not have submission types</text>
  <instructor_text texttype="text/plain">Super Secret</instructor_text>
  <gradable>true</gradable>
  <submission_formats>
    <format type="file"/>
    <format type="html"/>
    <format type="text"/>
    <format type="url"/>
  </submission_formats>
  <extensions>
    <assignment identifier="icd613a5039d9a1539e100058efe44242copy" xmlns="http://canvas.instructure.com/xsd/cccv1p0" xmlns:xsi="http://www.w3.org/2001/XMLSchema-instance" xsi:schemaLocation="http://canvas.instructure.com/xsd/cccv1p0 http://canvas.instructure.com/xsd/cccv1p0.xsd">
      <title>CC extension assignment 2</title>
      <grading_type>points</grading_type>
      <points_possible>21</points_possible>
    </assignment>
  </extensions>
</assignment>