<?xml version="1.0" encoding="UTF-8"?>
<manifest identifier="cctd0001"
  xmlns="http://www.imsglobal.org/xsd/imsccv1p3/imscp_v1p1"
  xmlns:lom="http://ltsc.ieee.org/xsd/imsccv1p3/LOM/resource"
  xmlns:lomimscc="http://ltsc.ieee.org/xsd/imsccv1p3/LOM/manifest"
  xmlns:cpx="http://www.imsglobal.org/xsd/imsccv1p3/imscp_extensionv1p2"
  xmlns:xsi="http://www.w3.org/2001/XMLSchema-instance"
  xsi:schemaLocation="http://ltsc.ieee.org/xsd/imsccv1p3/LOM/resource http://www.imsglobal.org/profile/cc/ccv1p3/LOM/ccv1p3_lomresource_v1p0.xsd
                      http://www.imsglobal.org/xsd/imsccv1p3/imscp_v1p1 http://www.imsglobal.org/profile/cc/ccv1p3/ccv1p3_imscp_v1p2_v1p0.xsd
                      http://ltsc.ieee.org/xsd/imsccv1p3/LOM/manifest http://www.imsglobal.org/profile/cc/ccv1p3/LOM/ccv1p3_lommanifest_v1p0.xsd
                      http://www.imsglobal.org/xsd/imsccv1p3/imscp_extensionv1p2 http://www.imsglobal.org/profile/cc/ccv1p3/ccv1p3_cpextensionv1p2_v1p0.xsd">
  <metadata>
    <schema>IMS Common Cartridge</schema>
    <schemaversion>1.3.0</schemaversion>
    <lomimscc:lom>
      <lomimscc:general>
        <lomimscc:title>
          <lomimscc:string>Tiny Course</lomimscc:string>
        </lomimscc:title>
      </lomimscc:general>
      <lomimscc:lifeCycle>
        <lomimscc:contribute>
          <lomimscc:date>
            <lomimscc:dateTime>2014-05-23</lomimscc:dateTime>
          </lomimscc:date>
        </lomimscc:contribute>
      </lomimscc:lifeCycle>
      <lomimscc:rights>
        <lomimscc:copyrightAndOtherRestrictions>
          <lomimscc:value>yes</lomimscc:value>
        </lomimscc:copyrightAndOtherRestrictions>
        <lomimscc:description>
          <lomimscc:string>Private (Copyrighted) - http://en.wikipedia.org/wiki/Copyright</lomimscc:string>
        </lomimscc:description>
      </lomimscc:rights>
    </lomimscc:lom>
  </metadata>
  <organizations>
    <organization identifier="org_1" structure="rooted-hierarchy">
      <item identifier="LearningModules">
      </item>
    </organization>
  </organizations>
  <resources>
    <resource identifier="i03d6bed8cc71d92175a2cd2a2e7ed59a_syllabus" type="associatedcontent/imscc_xmlv1p1/learning-application-resource" href="course_settings/syllabus.html" intendeduse="syllabus">
      <file href="course_settings/syllabus.html"/>
    </resource>
    <resource identifier="i03d6bed8cc71d92175a2cd2a2e7ed59a" type="associatedcontent/imscc_xmlv1p1/learning-application-resource" href="course_settings/canvas_export.txt">
      <file href="course_settings/course_settings.xml"/>
      <file href="course_settings/assignment_groups.xml"/>
      <file href="course_settings/files_meta.xml"/>
      <file href="course_settings/canvas_export.txt"/>
    </resource>
    <resource identifier="ifb359e06083b6eb3a294a7ac2c69e451" type="associatedcontent/imscc_xmlv1p1/learning-application-resource" href="ifb359e06083b6eb3a294a7ac2c69e451/classic-canvas-export-course.html">
      <file href="ifb359e06083b6eb3a294a7ac2c69e451/classic-canvas-export-course.html"/>
      <file href="ifb359e06083b6eb3a294a7ac2c69e451/assignment_settings.xml"/>
    </resource>
    <resource type="webcontent" identifier="ieee173de6109d169c627d07bedae0595" href="web_resources/dana_small.png">
      <file href="web_resources/dana_small.png"/>
    </resource>
    <resource identifier="icd613a5039d9a1539e100058efe44242" type="assignment_xmlv1p0" href="Extension_R/assignment.xml">
      <file href="icd613a5039d9a1539e100058efe44242.xml"/>
    </resource>
    <resource identifier="icd613a5039d9a1539e100058efe44242copy" type="assignment_xmlv1p0" href="Extension_R/assignment.xml">
      <file href="icd613a5039d9a1539e100058efe44242copy.xml"/>
    </resource>
  </resources>
</manifest>
