<?xml version="1.0"?>
<manifest identifier="MANIFEST1" xmlns="http://www.imsglobal.org/xsd/imscp_v1p1" 
    xmlns:imsmd="http://www.imsglobal.org/xsd/imsmd_v1p2" 
    xmlns:xsi="http://www.w3.org/2001/XMLSchema-instance" 
    xsi:schemaLocation="http://www.imsglobal.org/xsd/imscp_v1p1 imscp_v1p1.xsd 
    http://www.imsglobal.org/xsd/imsmd_v1p2 imsmd_v1p2p2.xsd">
	<organizations default="EXAM1">
		<organization identifier="EXAM1" structure="hierarchical">
			<title>default</title>
			<item identifier="ITEM1" identifierref="RESOURCE1">
				<title>Exam 1</title>
			</item>
		</organization>
	</organizations>
	<resources>
		<resource identifier="RESOURCE1" type="imsqti_xmlv1p1" href="test.xml">
			<file href="test.xml" />
		</resource>
	</resources>
</manifest>
