<?xml version="1.0" encoding="UTF-8"?>
<manifest identifier="cctd0001"
  xmlns="http://www.imsglobal.org/xsd/imsccv1p3/imscp_v1p1"
  xmlns:lom="http://ltsc.ieee.org/xsd/imsccv1p3/LOM/resource"
  xmlns:lomimscc="http://ltsc.ieee.org/xsd/imsccv1p3/LOM/manifest"
  xmlns:cpx="http://www.imsglobal.org/xsd/imsccv1p3/imscp_extensionv1p2"
  xmlns:xsi="http://www.w3.org/2001/XMLSchema-instance" 
  xsi:schemaLocation="http://ltsc.ieee.org/xsd/imsccv1p3/LOM/resource http://www.imsglobal.org/profile/cc/ccv1p3/LOM/ccv1p3_lomresource_v1p0.xsd 
                      http://www.imsglobal.org/xsd/imsccv1p3/imscp_v1p1 http://www.imsglobal.org/profile/cc/ccv1p3/ccv1p3_imscp_v1p2_v1p0.xsd 
                      http://ltsc.ieee.org/xsd/imsccv1p3/LOM/manifest http://www.imsglobal.org/profile/cc/ccv1p3/LOM/ccv1p3_lommanifest_v1p0.xsd
                      http://www.imsglobal.org/xsd/imsccv1p3/imscp_extensionv1p2 http://www.imsglobal.org/profile/cc/ccv1p3/ccv1p3_cpextensionv1p2_v1p0.xsd">
  <metadata>
    <schema>IMS Common Cartridge</schema>
    <schemaversion>1.3.0</schemaversion>
    <lomimscc:lom>
      <lomimscc:general>
        <lomimscc:title>
          <lomimscc:string language="en-US">Common Cartridge Test</lomimscc:string>
        </lomimscc:title>
        <lomimscc:description>
          <lomimscc:string language="en-US">CC 1.3 test with extension</lomimscc:string>
        </lomimscc:description>
      </lomimscc:general>
    </lomimscc:lom>
  </metadata>
  <organizations>
    <organization identifier="O_1" structure="rooted-hierarchy">
      <item identifier="I_1">
        <item identifier="I_00000">
          <title>CCv1.3 With Assignment</title>
          <item identifier="I_00001" identifierref="extensionresource1">
            <title>Assignment</title>
          </item>
        </item>
      </item>
    </organization>
  </organizations>
  <resources>

    <resource identifier="extensionresource1_variant" type="assignment_xmlv1p0" href="Extension_R/assignment.xml">
      <file href="Extension_R/assignment.xml"/>
    </resource>

    <resource identifier="extensionresource1" type="webcontent">
      <file href="Extension_R/common.html"/>
    </resource>

  </resources>
</manifest>
