<?xml version="1.0" encoding="UTF-8"?>
<manifest identifier="cctd0001"
          xmlns="http://www.imsglobal.org/xsd/imsccv1p1/imscp_v1p1"
          xmlns:lom="http://ltsc.ieee.org/xsd/imsccv1p1/LOM/resource"
          xmlns:lomimscc="http://ltsc.ieee.org/xsd/imsccv1p1/LOM/manifest"
          xmlns:xsi="http://www.w3.org/2001/XMLSchema-instance"
          xsi:schemaLocation="
  http://ltsc.ieee.org/xsd/imsccv1p1/LOM/resource http://www.imsglobal.org/profile/cc/ccv1p1/LOM/ccv1p1_lomresource_v1p0.xsd
  http://www.imsglobal.org/xsd/imsccv1p1/imscp_v1p1 http://www.imsglobal.org/profile/cc/ccv1p1/ccv1p1_imscp_v1p2_v1p0.xsd
  http://ltsc.ieee.org/xsd/imsccv1p1/LOM/manifest http://www.imsglobal.org/profile/cc/ccv1p1/LOM/ccv1p1_lommanifest_v1p0.xsd">
  <metadata>
    <schema>IMS Common Cartridge</schema>
    <schemaversion>1.1.0</schemaversion>
    <lomimscc:lom>
      <lomimscc:general>
        <lomimscc:title>
          <lomimscc:string language="en-US">Common Cartridge Test Data Set - Validation Cartridge 1</lomimscc:string>
        </lomimscc:title>
        <lomimscc:description>
          <lomimscc:string language="en-US">Sample materials to test a variety of Common Cartridge content types</lomimscc:string>
        </lomimscc:description>
        <lomimscc:keyword>
          <lomimscc:string language="en-US">Sample</lomimscc:string>
        </lomimscc:keyword>
      </lomimscc:general>
    </lomimscc:lom>
  </metadata>
  <organizations>
    <organization identifier="O_1" structure="rooted-hierarchy">
      <item identifier="I_1">
        <item identifier="I_00000">
          <title>Module</title>
          <item identifier="ct6" identifierref="assignment1">
            <title>Assignment 1</title>
          </item>
        </item>
      </item>
    </organization>
  </organizations>
  <resources>
    <resource identifier="assignment1" type="webcontent" href="assignment1.html"
              intendeduse="assignment">
      <metadata/>
      <file href="assignment1.html"/>
    </resource>
    <resource identifier="file1" type="webcontent" href="file1.jpg">
      <file href="file1.jpg"/>
    </resource>
  </resources>
</manifest>
