<manifest xsi:schemaLocation="http://www.imsglobal.org/xsd/imsccv1p3/imscp_v1p1 http://www.imsglobal.org/profile/cc/ccv1p3/ccv1p3_imscp_v1p2_v1p0.xsd http://ltsc.ieee.org/xsd/imsccv1p3/LOM/resource http://www.imsglobal.org/profile/cc/ccv1p3/LOM/ccv1p3_lomresource_v1p0.xsd http://ltsc.ieee.org/xsd/imsccv1p3/LOM/manifest http://www.imsglobal.org/profile/cc/ccv1p3/LOM/ccv1p3_lommanifest_v1p0.xsd http://ltsc.ieee.org/xsd/imsccv1p3/LOM/imscclti http://www.imsglobal.org/profile/cc/ccv1p3/LOM/ccv1p3_lomccltilink_v1p0.xsd http://www.imsglobal.org/xsd/imslticp_v1p0 http://www.imsglobal.org/xsd/lti/ltiv1p0/imslticp_v1p0.xsd http://www.imsglobal.org/xsd/imslticm_v1p0 http://www.imsglobal.org/xsd/lti/ltiv1p0/imslticm_v1p0.xsd http://www.imsglobal.org/xsd/imsbasiclti_v1p0 http://www.imsglobal.org/xsd/lti/ltiv1p0/imsbasiclti_v1p0p1.xsd http://www.imsglobal.org/xsd/imslticc_v1p3 http://www.imsglobal.org/xsd/lti/ltiv1p3/imslticc_v1p3.xsd http://www.imsglobal.org/xsd/imsccv1p3/imscsmd_v1p0 http://www.imsglobal.org/profile/cc/ccv1p3/ccv1p3_imscsmd_v1p0.xsd" xmlns:lomimscc="http://ltsc.ieee.org/xsd/imsccv1p2/LOM/manifest" xmlns:lticp="http://www.imsglobal.org/xsd/imslticp_v1p0" xmlns:lticm="http://www.imsglobal.org/xsd/imslticm_v1p0" xmlns:blti="http://www.imsglobal.org/xsd/imsbasiclti_v1p0" xmlns:csm="http://www.imsglobal.org/xsd/imsccv1p2/imscsmd_v1p0" xmlns:lom="http://ltsc.ieee.org/xsd/imsccv1p2/LOM/resource" xmlns:xsi="http://www.w3.org/2001/XMLSchema-instance" identifier="MRH_School_District" xmlns="http://www.imsglobal.org/xsd/imsccv1p3/imscp_v1p1">
	<metadata>
		<schema>IMS Common Cartridge</schema>
		<schemaversion>1.3.0</schemaversion>
		<lom:lom xmlns:lom="http://ltsc.ieee.org/xsd/imsccv1p3/LOM/manifest">
			<lom:general>
				<lom:title>
					<lom:string language="en-US">itslearning / MRH School District / MRH High School / Honors Wrld Hist: Frshmn Hum.-S2-Welker-2022</lom:string>
				</lom:title>
				<lom:description>
					<lom:string language="en-US">Content export from itslearning site : MRH School District / Organisation : MRH High School / Course : 8636 - Honors Wrld Hist: Frshmn Hum.-S2-Welker-2022</lom:string>
				</lom:description>
			</lom:general>
		</lom:lom>
	</metadata>
	<organizations>
		<organization identifier="itslearning" structure="rooted-hierarchy">
			<item identifier="COURSE_8636">
				<item identifier="E_1628897" identifierref="ELEMENT_8636_1628897">
					<title>Machiavelli</title>
				</item>
			</item>
		</organization>
	</organizations>
	<resources>
		<resource identifier="ELEMENT_8636_1628897" type="webcontent" href="ELEMENT_8636_1628897/ELEMENT_8636_1628897.html">
			<file href="ELEMENT_8636_1628897/ELEMENT_8636_1628897.html" />
			<file href="ELEMENT_8636_1628897/704-machiavelli.doc" />
		</resource>
	</resources>
</manifest>
