<?xml version="1.0" encoding="UTF-16" ?>
<manifest identifier="testimporting" xmlns="http://www.imsglobal.org/xsd/imsccv1p1/imscp_v1p1" xmlns:lom="http://ltsc.ieee.org/xsd/imsccv1p1/LOM/resource" xmlns:lomimscc="http://ltsc.ieee.org/xsd/imsccv1p1/LOM/manifest">
  <metadata>
    <schema>IMS Common Cartridge</schema>
    <schemaversion>1.1.0</schemaversion>
    <lomimscc:lom>
      <lomimscc:general>
        <lomimscc:title>
          <lomimscc:string language="en-US">Common Cartridge</lomimscc:string>
        </lomimscc:title>
        <lomimscc:description>
          <lomimscc:string language="en-US">Common Cartridge</lomimscc:string>
        </lomimscc:description>
      </lomimscc:general>
    </lomimscc:lom>
  </metadata>
  <organizations>
  </organizations>
  <resources>
    <resource identifier="coursesettings1" href="course_settings/syllabus.html" type="associatedcontent/imscc_xmlv1p1/learning-application-resource" intendeduse="syllabus">
      <file href="course_settings/syllabus.html"/>
      <file href="course_settings/course_settings.xml"/>
      <file href="course_settings/assignment_groups.xml"/>
    </resource>
    <resource identifier="RESForum5829" type="imsdt_xmlv1p1">
      <file href="forum5829.xml"/>
    </resource>
  </resources>
</manifest>
