<?xml version="1.0" encoding="UTF-8"?>
<topicMeta identifier="i58faf0c88a18300b2519ef995e6c0821" xmlns="http://canvas.instructure.com/xsd/cccv1p0" xmlns:xsi="http://www.w3.org/2001/XMLSchema-instance" xsi:schemaLocation="http://canvas.instructure.com/xsd/cccv1p0 http://canvas.instructure.com/xsd/cccv1p0.xsd">
  <topic_id>iab9e47a61b8220f30efe81b82ae7cd5b</topic_id>
  <title>discussion</title>
  <posted_at>2016-07-07T18:54:06</posted_at>
  <position/>
  <type>topic</type>
  <discussion_type>side_comment</discussion_type>
  <has_group_category>false</has_group_category>
  <workflow_state>active</workflow_state>
  <module_locked>false</module_locked>
  <allow_rating>false</allow_rating>
  <only_graders_can_rate>false</only_graders_can_rate>
  <sort_by_rating>false</sort_by_rating>
</topicMeta>
