<?xml version="1.0" encoding="UTF-8"?>
<topicMeta identifier="ieaf656028cfae73d19f5bfa800e83e42" xmlns="http://canvas.instructure.com/xsd/cccv1p0" xmlns:xsi="http://www.w3.org/2001/XMLSchema-instance" xsi:schemaLocation="http://canvas.instructure.com/xsd/cccv1p0 http://canvas.instructure.com/xsd/cccv1p0.xsd">
  <topic_id>i5a37e4fdcb923a2bf0af49425b1ce3a4</topic_id>
  <title>1</title>
  <posted_at>2016-07-07T18:53:51</posted_at>
  <position>1</position>
  <type>announcement</type>
  <discussion_type>side_comment</discussion_type>
  <has_group_category>false</has_group_category>
  <workflow_state>active</workflow_state>
  <module_locked>false</module_locked>
  <allow_rating>false</allow_rating>
  <only_graders_can_rate>false</only_graders_can_rate>
  <sort_by_rating>false</sort_by_rating>
</topicMeta>
