<?xml version="1.0" encoding="UTF-8"?>
<manifest identifier="icad6a40da5de26408e51744ef2525ce3" xmlns="http://www.imsglobal.org/xsd/imsccv1p1/imscp_v1p1" xmlns:lom="http://ltsc.ieee.org/xsd/imsccv1p1/LOM/resource" xmlns:lomimscc="http://ltsc.ieee.org/xsd/imsccv1p1/LOM/manifest" xmlns:xsi="http://www.w3.org/2001/XMLSchema-instance" xsi:schemaLocation="http://www.imsglobal.org/xsd/imsccv1p1/imscp_v1p1 http://www.imsglobal.org/profile/cc/ccv1p1/ccv1p1_imscp_v1p2_v1p0.xsd http://ltsc.ieee.org/xsd/imsccv1p1/LOM/resource http://www.imsglobal.org/profile/cc/ccv1p1/LOM/ccv1p1_lomresource_v1p0.xsd http://ltsc.ieee.org/xsd/imsccv1p1/LOM/manifest http://www.imsglobal.org/profile/cc/ccv1p1/LOM/ccv1p1_lommanifest_v1p0.xsd">
  <metadata>
    <schema>IMS Common Cartridge</schema>
    <schemaversion>1.1.0</schemaversion>
    <lomimscc:lom>
      <lomimscc:general>
        <lomimscc:title>
          <lomimscc:string>announcement and discussion</lomimscc:string>
        </lomimscc:title>
      </lomimscc:general>
      <lomimscc:lifeCycle>
        <lomimscc:contribute>
          <lomimscc:date>
            <lomimscc:dateTime>2016-07-07</lomimscc:dateTime>
          </lomimscc:date>
        </lomimscc:contribute>
      </lomimscc:lifeCycle>
      <lomimscc:rights>
        <lomimscc:copyrightAndOtherRestrictions>
          <lomimscc:value>yes</lomimscc:value>
        </lomimscc:copyrightAndOtherRestrictions>
        <lomimscc:description>
          <lomimscc:string>Private (Copyrighted) - http://en.wikipedia.org/wiki/Copyright</lomimscc:string>
        </lomimscc:description>
      </lomimscc:rights>
    </lomimscc:lom>
  </metadata>
  <organizations>
    <organization identifier="org_1" structure="rooted-hierarchy">
      <item identifier="LearningModules">
      </item>
    </organization>
  </organizations>
  <resources>
    <resource identifier="ie29bb3ef5865ff5b29b71160773bdae6_syllabus" type="associatedcontent/imscc_xmlv1p1/learning-application-resource" href="course_settings/syllabus.html" intendeduse="syllabus">
      <file href="course_settings/syllabus.html"/>
    </resource>
    <resource identifier="ie29bb3ef5865ff5b29b71160773bdae6" type="associatedcontent/imscc_xmlv1p1/learning-application-resource" href="course_settings/canvas_export.txt">
      <file href="course_settings/course_settings.xml"/>
      <file href="course_settings/assignment_groups.xml"/>
      <file href="course_settings/files_meta.xml"/>
      <file href="course_settings/media_tracks.xml"/>
      <file href="course_settings/canvas_export.txt"/>
    </resource>
    <resource identifier="iab9e47a61b8220f30efe81b82ae7cd5b" type="imsdt_xmlv1p1">
      <file href="iab9e47a61b8220f30efe81b82ae7cd5b.xml"/>
      <dependency identifierref="i58faf0c88a18300b2519ef995e6c0821"/>
    </resource>
    <resource identifier="i58faf0c88a18300b2519ef995e6c0821" type="associatedcontent/imscc_xmlv1p1/learning-application-resource" href="i58faf0c88a18300b2519ef995e6c0821.xml">
      <file href="i58faf0c88a18300b2519ef995e6c0821.xml"/>
    </resource>
    <resource identifier="i5a37e4fdcb923a2bf0af49425b1ce3a4" type="imsdt_xmlv1p1">
      <file href="i5a37e4fdcb923a2bf0af49425b1ce3a4.xml"/>
      <dependency identifierref="ieaf656028cfae73d19f5bfa800e83e42"/>
    </resource>
    <resource identifier="ieaf656028cfae73d19f5bfa800e83e42" type="associatedcontent/imscc_xmlv1p1/learning-application-resource" href="ieaf656028cfae73d19f5bfa800e83e42.xml">
      <file href="ieaf656028cfae73d19f5bfa800e83e42.xml"/>
    </resource>
  </resources>
</manifest>
