<?xml version="1.0" encoding="UTF-8"?>
<assignment identifier="ifb359e06083b6eb3a294a7ac2c69e451" xmlns="http://canvas.instructure.com/xsd/cccv1p0" xmlns:xsi="http://www.w3.org/2001/XMLSchema-instance" xsi:schemaLocation="http://canvas.instructure.com/xsd/cccv1p0 http://canvas.instructure.com/xsd/cccv1p0.xsd">
  <title>Classic Canvas export course</title>
  <assignment_group_identifierref>idc318abcab7cf248905a5a27df13d44e</assignment_group_identifierref>
  <workflow_state>unpublished</workflow_state>
  <points_possible>0</points_possible>
  <grading_type>points</grading_type>
  <all_day>false</all_day>
  <submission_types>none</submission_types>
  <position>1</position>
  <peer_review_count>0</peer_review_count>
  <peer_reviews_assigned>false</peer_reviews_assigned>
  <peer_reviews>false</peer_reviews>
  <automatic_peer_reviews>false</automatic_peer_reviews>
  <grade_group_students_individually>false</grade_group_students_individually>
  <muted>false</muted>
</assignment>
