<?xml version="1.0" encoding="UTF-8"?>
<questestinterop xmlns="http://www.imsglobal.org/xsd/ims_qtiasiv1p2" xmlns:xsi="http://www.w3.org/2001/XMLSchema-instance" xsi:schemaLocation="http://www.imsglobal.org/xsd/ims_qtiasiv1p2 http://www.imsglobal.org/profile/cc/ccv1p1/ccv1p1_qtiasiv1p2p1_v1p0.xsd">
  <assessment ident="i904784586a492943635adcce916b8360" title="daniel">
    <qtimetadata>
      <qtimetadatafield>
        <fieldlabel>cc_profile</fieldlabel>
        <fieldentry>cc.exam.v0p1</fieldentry>
      </qtimetadatafield>
      <qtimetadatafield>
        <fieldlabel>qmd_assessmenttype</fieldlabel>
        <fieldentry>Examination</fieldentry>
      </qtimetadatafield>
      <qtimetadatafield>
        <fieldlabel>qmd_scoretype</fieldlabel>
        <fieldentry>Percentage</fieldentry>
      </qtimetadatafield>
      <qtimetadatafield>
        <fieldlabel>cc_maxattempts</fieldlabel>
        <fieldentry>1</fieldentry>
      </qtimetadatafield>
    </qtimetadata>
    <section ident="root_section">
      <item ident="i52e8b33c0cf1bc69a74f2d346db1d198" title="Question">
        <itemmetadata>
          <qtimetadata>
            <qtimetadatafield>
              <fieldlabel>cc_profile</fieldlabel>
              <fieldentry>cc.multiple_choice.v0p1</fieldentry>
            </qtimetadatafield>
          </qtimetadata>
        </itemmetadata>
        <presentation>
          <material>
            <mattext texttype="text/html">&lt;div&gt;&lt;p&gt;&lt;a id="media_comment_m-2QH6J7TBsCt3fPcxqc6Usrh5bbxKtZyB" class="instructure_inline_media_comment audio_comment" href="%24IMS-CC-FILEBASE%24/media_objects/m-2QH6J7TBsCt3fPcxqc6Usrh5bbxKtZyB.flv"&gt;this is a media comment&lt;/a&gt;&lt;/p&gt;&lt;/div&gt;</mattext>
          </material>
          <response_lid ident="response1" rcardinality="Single">
            <render_choice>
              <response_label ident="1040">
                <material>
                  <mattext texttype="text/plain">yes</mattext>
                </material>
              </response_label>
              <response_label ident="2899">
                <material>
                  <mattext texttype="text/plain">no</mattext>
                </material>
              </response_label>
              <response_label ident="6389">
                <material>
                  <mattext texttype="text/plain"></mattext>
                </material>
              </response_label>
              <response_label ident="6541">
                <material>
                  <mattext texttype="text/plain"></mattext>
                </material>
              </response_label>
            </render_choice>
          </response_lid>
        </presentation>
        <resprocessing>
          <outcomes>
            <decvar maxvalue="100" minvalue="0" varname="SCORE" vartype="Decimal"/>
          </outcomes>
          <respcondition continue="No">
            <conditionvar>
              <varequal respident="response1">1040</varequal>
            </conditionvar>
            <setvar action="Set" varname="SCORE">100</setvar>
          </respcondition>
        </resprocessing>
      </item>
    </section>
  </assessment>
</questestinterop>
