<?xml version="1.0" encoding="UTF-8"?>
<manifest identifier="man00001" xmlns="http://www.imsglobal.org/xsd/imscc/imscp_v1p1"
          xmlns:lom="http://ltsc.ieee.org/xsd/LOM" xmlns:lomimscc="http://ltsc.ieee.org/xsd/imscc/LOM"
          xmlns:voc="http://ltsc.ieee.org/xsd/LOM/vocab"
          xmlns:xsi="http://www.w3.org/2001/XMLSchema-instance">
  <metadata>
    <schema>IMS Common Cartridge</schema>
    <schemaversion>1.0.0</schemaversion>
    <lomimscc:lom>
      <lomimscc:general>
        <lomimscc:title>
          <lomimscc:string>Sample Course</lomimscc:string>
        </lomimscc:title>
        <lomimscc:description>
          <lomimscc:string>1.0 Sample</lomimscc:string>
        </lomimscc:description>
      </lomimscc:general>
    </lomimscc:lom>
  </metadata>
</manifest>