<?xml version="1.0" encoding="UTF-8"?>
<assignment xmlns="http://www.imsglobal.org/xsd/imscc_extensions/assignment"
  xmlns:xsi="http://www.w3.org/2001/XMLSchema-instance" 
  xsi:schemaLocation="http://www.imsglobal.org/xsd/imscc_extensions/assignment http://www.imsglobal.org/profile/cc/cc_extensions/cc_extresource_assignmentv1p0_v1p0.xsd"
  identifier="AssigmentId">
  <title>Cool Assignment</title>
  <text texttype="text/plain">You should turn this in for points.</text>
  <instructor_text texttype="text/plain">Super Secret</instructor_text>
  <gradable>true</gradable>
  <attachments>
    <attachment href="$IMS-CC-FILEBASE$/common.html" role="All" />
  </attachments>
  <submission_formats>
    <format type="file"/>
    <format type="html"/>
    <format type="text"/>
    <format type="url"/>
  </submission_formats>
</assignment>