<?xml version="1.0" encoding="UTF-8"?>
<course identifier="i03d6bed8cc71d92175a2cd2a2e7ed59a" xmlns="http://canvas.instructure.com/xsd/cccv1p0" xmlns:xsi="http://www.w3.org/2001/XMLSchema-instance" xsi:schemaLocation="http://canvas.instructure.com/xsd/cccv1p0 http://canvas.instructure.com/xsd/cccv1p0.xsd">
  <title>Tiny Course</title>
  <course_code>Tiny</course_code>
  <is_public>false</is_public>
  <allow_student_wiki_edits>false</allow_student_wiki_edits>
  <allow_student_forum_attachments>false</allow_student_forum_attachments>
  <allow_student_organized_groups>true</allow_student_organized_groups>
  <default_view>feed</default_view>
  <license>private</license>
  <grading_standard_enabled>false</grading_standard_enabled>
  <storage_quota>262144000</storage_quota>
</course>
