<?xml version="1.0" encoding="UTF-8"?>
<manifest xsi:schemaLocation="http://www.imsglobal.org/xsd/imsccv1p1/imscp_v1p1 http://www.imsglobal.org/profile/cc/ccv1p1/ccv1p1_imscp_v1p2_v1p0.xsd http://ltsc.ieee.org/xsd/imsccv1p1/LOM/resource http://www.imsglobal.org/profile/cc/ccv1p1/LOM/ccv1p1_lomresource_v1p0.xsd http://ltsc.ieee.org/xsd/imsccv1p1/LOM/manifest http://www.imsglobal.org/profile/cc/ccv1p1/LOM/ccv1p1_lommanifest_v1p0.xsd" xmlns:lom="http://ltsc.ieee.org/xsd/imsccv1p1/LOM/resource" xmlns:lomimscc="http://ltsc.ieee.org/xsd/imsccv1p1/LOM/manifest" xmlns:xsi="http://www.w3.org/2001/XMLSchema-instance" identifier="ia98ddcefe569b2be34ad9465391baf04" xmlns="http://www.imsglobal.org/xsd/imsccv1p1/imscp_v1p1">
  <metadata>
    <schema>IMS Common Cartridge</schema>
    <schemaversion>1.1.0</schemaversion>
    <lomimscc:lom>
      <lomimscc:general>
        <lomimscc:title>
          <lomimscc:string>Canvas Cartridge example</lomimscc:string>
        </lomimscc:title>
      </lomimscc:general>
      <lomimscc:lifeCycle>
        <lomimscc:contribute>
          <lomimscc:date>
            <lomimscc:dateTime>2011-09-13</lomimscc:dateTime>
          </lomimscc:date>
        </lomimscc:contribute>
      </lomimscc:lifeCycle>
      <lomimscc:rights>
        <lomimscc:copyrightAndOtherRestrictions>
          <lomimscc:value>yes</lomimscc:value>
        </lomimscc:copyrightAndOtherRestrictions>
        <lomimscc:description>
          <lomimscc:string>Public Domain - http://en.wikipedia.org/wiki/Public_domain</lomimscc:string>
        </lomimscc:description>
      </lomimscc:rights>
    </lomimscc:lom>
  </metadata>
  <organizations>
    <organization structure="rooted-hierarchy" identifier="org_1">
    </organization>
  </organizations>
  <resources>
    <resource href="course_settings/canvas_export.txt" identifier="i0e9edca453cdf68bc399f8fe95ca8836">
      <file href="course_settings/course_settings.xml"/>
      <file href="course_settings/module_meta.xml"/>
      <file href="course_settings/assignment_groups.xml"/>
      <file href="course_settings/external_tools.xml"/>
      <file href="course_settings/files_meta.xml"/>
    </resource>

    <resource href="course_settings/syllabus.html" intendeduse="syllabus" type="associatedcontent/imscc_xmlv1p1/learning-application-resource" identifier="i0e9edca453cdf68bc399f8fe95ca8836_syllabus">
      <file href="course_settings/syllabus.html"/>
    </resource>
  </resources>
</manifest>
