<?xml version="1.0" encoding="UTF-8"?>
<manifest identifier="ga0b6ba38d35fda874b71e2280386756b" xmlns="http://www.imsglobal.org/xsd/imsccv1p1/imscp_v1p1" xmlns:lom="http://ltsc.ieee.org/xsd/imsccv1p1/LOM/resource" xmlns:lomimscc="http://ltsc.ieee.org/xsd/imsccv1p1/LOM/manifest" xmlns:xsi="http://www.w3.org/2001/XMLSchema-instance" xsi:schemaLocation="http://www.imsglobal.org/xsd/imsccv1p1/imscp_v1p1 http://www.imsglobal.org/profile/cc/ccv1p1/ccv1p1_imscp_v1p2_v1p0.xsd http://ltsc.ieee.org/xsd/imsccv1p1/LOM/resource http://www.imsglobal.org/profile/cc/ccv1p1/LOM/ccv1p1_lomresource_v1p0.xsd http://ltsc.ieee.org/xsd/imsccv1p1/LOM/manifest http://www.imsglobal.org/profile/cc/ccv1p1/LOM/ccv1p1_lommanifest_v1p0.xsd">
  <metadata>
    <schema>IMS Common Cartridge</schema>
    <schemaversion>1.1.0</schemaversion>
    <lomimscc:lom>
      <lomimscc:general>
        <lomimscc:title>
          <lomimscc:string>sad course</lomimscc:string>
        </lomimscc:title>
      </lomimscc:general>
      <lomimscc:lifeCycle>
        <lomimscc:contribute>
          <lomimscc:date>
            <lomimscc:dateTime>2020-09-24</lomimscc:dateTime>
          </lomimscc:date>
        </lomimscc:contribute>
      </lomimscc:lifeCycle>
      <lomimscc:rights>
        <lomimscc:copyrightAndOtherRestrictions>
          <lomimscc:value>yes</lomimscc:value>
        </lomimscc:copyrightAndOtherRestrictions>
        <lomimscc:description>
          <lomimscc:string>Private (Copyrighted) - http://en.wikipedia.org/wiki/Copyright</lomimscc:string>
        </lomimscc:description>
      </lomimscc:rights>
    </lomimscc:lom>
  </metadata>
  <organizations>
    <organization identifier="org_1" structure="rooted-hierarchy">
      <item identifier="LearningModules">
      </item>
    </organization>
  </organizations>
  <resources>
    <resource identifier="gf90d431dc901b781b74ae4932a115351" type="associatedcontent/imscc_xmlv1p1/learning-application-resource" href="course_settings/canvas_export.txt">
      <file href="course_settings/course_settings.xml"/>
      <file href="course_settings/assignment_groups.xml"/>
      <file href="course_settings/files_meta.xml"/>
      <file href="course_settings/media_tracks.xml"/>
      <file href="course_settings/canvas_export.txt"/>
    </resource>
    <resource type="webcontent" identifier="g087f3b7818a7138c1b2ce62c67b14270" href="web_resources/meow.jpg">
      <file href="web_resources/meow.jpg"/>
    </resource>
  </resources>
</manifest>
<!-- Export errors for export 8: -->
<!-- Failed to export some media files -->
