<?xml version="1.0" encoding="UTF-8"?>
<course xmlns="http://canvas.instructure.com/xsd/cccv1p0" xmlns:xsi="http://www.w3.org/2001/XMLSchema-instance" identifier="m2c16a5320fa475530d9583c34fd356ef5_course_settings" xsi:schemaLocation="http://canvas.instructure.com/xsd/cccv1p0 http://canvas.instructure.com/xsd/cccv1p0.xsd">
  <title>Spanish I v9 (GS) e12</title>
  <course_code>3951</course_code>
  <start_at>2013-02-05 22:00:00 -0700</start_at>
  <allow_student_discussion_topics>false</allow_student_discussion_topics>
  <allow_student_wiki_edits>false</allow_student_wiki_edits>
  <default_view>modules</default_view>
</course>
