<?xml version="1.0" encoding="UTF-8"?>
<modules xmlns="http://canvas.instructure.com/xsd/cccv1p0" xmlns:xsi="http://www.w3.org/2001/XMLSchema-instance" xsi:schemaLocation="http://canvas.instructure.com/xsd/cccv1p0 http://canvas.instructure.com/xsd/cccv1p0.xsd">
  <module identifier="m253c3bce66e43be4f209556518c2fcb54_module">
    <title>Untitled Module</title>
    <workflow_state>active</workflow_state>
    <position>0</position>
    <items>
      <item identifier="m2bbffcfcb70d942f092e089b015bc15c5">
        <content_type>Quizzes::Quiz</content_type>
        <workflow_state>active</workflow_state>
        <title>02.08 Module Two Exam</title>
        <position>0</position>
        <indent>0</indent>
        <identifierref>m24122cb13c7a474c1976c9706ae36521d_assessment</identifierref>
      </item>
    </items>
  </module>
</modules>
