<?xml version="1.0" encoding="UTF-8"?>
<manifest identifier="ifaf09f3c7b4e2f7fdb47e654ee8f90b2" xmlns="http://www.imsglobal.org/xsd/imsccv1p1/imscp_v1p1" xmlns:lom="http://ltsc.ieee.org/xsd/imsccv1p1/LOM/resource" xmlns:lomimscc="http://ltsc.ieee.org/xsd/imsccv1p1/LOM/manifest" xmlns:xsi="http://www.w3.org/2001/XMLSchema-instance" xsi:schemaLocation="http://www.imsglobal.org/xsd/imsccv1p1/imscp_v1p1 http://www.imsglobal.org/profile/cc/ccv1p1/ccv1p1_imscp_v1p2_v1p0.xsd http://ltsc.ieee.org/xsd/imsccv1p1/LOM/resource http://www.imsglobal.org/profile/cc/ccv1p1/LOM/ccv1p1_lomresource_v1p0.xsd http://ltsc.ieee.org/xsd/imsccv1p1/LOM/manifest http://www.imsglobal.org/profile/cc/ccv1p1/LOM/ccv1p1_lommanifest_v1p0.xsd">
  <metadata>
    <schema>IMS Common Cartridge</schema>
    <schemaversion>1.1.0</schemaversion>
    <lomimscc:lom>
      <lomimscc:general>
        <lomimscc:title>
          <lomimscc:string>anotherquiznehr</lomimscc:string>
        </lomimscc:title>
      </lomimscc:general>
      <lomimscc:lifeCycle>
        <lomimscc:contribute>
          <lomimscc:date>
            <lomimscc:dateTime>2015-09-08</lomimscc:dateTime>
          </lomimscc:date>
        </lomimscc:contribute>
      </lomimscc:lifeCycle>
      <lomimscc:rights>
        <lomimscc:copyrightAndOtherRestrictions>
          <lomimscc:value>yes</lomimscc:value>
        </lomimscc:copyrightAndOtherRestrictions>
        <lomimscc:description>
          <lomimscc:string>Private (Copyrighted) - http://en.wikipedia.org/wiki/Copyright</lomimscc:string>
        </lomimscc:description>
      </lomimscc:rights>
    </lomimscc:lom>
  </metadata>
  <organizations>
    <organization identifier="org_1" structure="rooted-hierarchy">
      <item identifier="LearningModules">
      </item>
    </organization>
  </organizations>
  <resources>
    <resource identifier="ife6b74aa9e91a2d8cbef327bec2230ff_syllabus" type="associatedcontent/imscc_xmlv1p1/learning-application-resource" href="course_settings/syllabus.html" intendeduse="syllabus">
      <file href="course_settings/syllabus.html"/>
    </resource>
    <resource identifier="ife6b74aa9e91a2d8cbef327bec2230ff" type="associatedcontent/imscc_xmlv1p1/learning-application-resource" href="course_settings/canvas_export.txt">
      <file href="course_settings/course_settings.xml"/>
      <file href="course_settings/assignment_groups.xml"/>
      <file href="course_settings/files_meta.xml"/>
      <file href="course_settings/media_tracks.xml"/>
      <file href="course_settings/canvas_export.txt"/>
    </resource>
    <resource identifier="if549f7eaa2f87b482b1a0f3a8546011c" type="associatedcontent/imscc_xmlv1p1/learning-application-resource" href="non_cc_assessments/if549f7eaa2f87b482b1a0f3a8546011c.xml.qti">
      <file href="non_cc_assessments/if549f7eaa2f87b482b1a0f3a8546011c.xml.qti"/>
    </resource>
    <resource identifier="i904784586a492943635adcce916b8360" type="imsqti_xmlv1p2/imscc_xmlv1p1/assessment">
      <file href="i904784586a492943635adcce916b8360/assessment_qti.xml"/>
      <dependency identifierref="i3b493faa95f37f5e5aa3fff2fccdb0c4"/>
    </resource>
    <resource identifier="i3b493faa95f37f5e5aa3fff2fccdb0c4" type="associatedcontent/imscc_xmlv1p1/learning-application-resource" href="i904784586a492943635adcce916b8360/assessment_meta.xml">
      <file href="i904784586a492943635adcce916b8360/assessment_meta.xml"/>
      <file href="non_cc_assessments/i904784586a492943635adcce916b8360.xml.qti"/>
    </resource>
    <resource identifier="i114d5d49b9705a5cce2878e42fd5b022" type="imsqti_xmlv1p2/imscc_xmlv1p1/assessment">
      <file href="i114d5d49b9705a5cce2878e42fd5b022/assessment_qti.xml"/>
      <dependency identifierref="i0985944d2dd1f61f6fab5f8cad388f8f"/>
    </resource>
    <resource identifier="i0985944d2dd1f61f6fab5f8cad388f8f" type="associatedcontent/imscc_xmlv1p1/learning-application-resource" href="i114d5d49b9705a5cce2878e42fd5b022/assessment_meta.xml">
      <file href="i114d5d49b9705a5cce2878e42fd5b022/assessment_meta.xml"/>
      <file href="non_cc_assessments/i114d5d49b9705a5cce2878e42fd5b022.xml.qti"/>
    </resource>
    <resource type="webcontent" identifier="icb3157f3db15e5ce76d0bd8a015d562e" href="web_resources/media_objects/m-2QH6J7TBsCt3fPcxqc6Usrh5bbxKtZyB.flv">
      <file href="web_resources/media_objects/m-2QH6J7TBsCt3fPcxqc6Usrh5bbxKtZyB.flv"/>
    </resource>
    <resource type="webcontent" identifier="ib6b84ac67e33baccda7393036db88eea" href="web_resources/media_objects/m-5R3UskfGXNq4W74AQBs1jVSq1h2ZJsa.flv">
      <file href="web_resources/media_objects/m-5R3UskfGXNq4W74AQBs1jVSq1h2ZJsa.flv"/>
    </resource>
    <resource type="webcontent" identifier="iaf85a1ca9923bd0d1f93050191ad8032" href="web_resources/media_objects/m-5U5Jww6HL7zG35CgyaYGyA5bhzsremxY.flv">
      <file href="web_resources/media_objects/m-5U5Jww6HL7zG35CgyaYGyA5bhzsremxY.flv"/>
    </resource>
  </resources>
</manifest>
