<?xml version="1.0" encoding="UTF-8"?>
<course identifier="ife6b74aa9e91a2d8cbef327bec2230ff" xmlns="http://canvas.instructure.com/xsd/cccv1p0" xmlns:xsi="http://www.w3.org/2001/XMLSchema-instance" xsi:schemaLocation="http://canvas.instructure.com/xsd/cccv1p0 http://canvas.instructure.com/xsd/cccv1p0.xsd">
  <title>anotherquiznehr</title>
  <course_code>anotherquiznehr</course_code>
  <start_at>2015-09-04T19:53:56</start_at>
  <allow_student_wiki_edits>false</allow_student_wiki_edits>
  <allow_student_forum_attachments>false</allow_student_forum_attachments>
  <allow_student_organized_groups>true</allow_student_organized_groups>
  <default_view>feed</default_view>
  <grading_standard_enabled>false</grading_standard_enabled>
  <storage_quota>524288000</storage_quota>
  <root_account_uuid>F4I5ALIgdCZGw4HAyzQrJ1bRM8x6TMONC0BxcNeV</root_account_uuid>
</course>
