<?xml version="1.0" encoding="UTF-8"?>
<questestinterop xmlns="http://www.imsglobal.org/xsd/ims_qtiasiv1p2" xmlns:xsi="http://www.w3.org/2001/XMLSchema-instance" xsi:schemaLocation="http://www.imsglobal.org/xsd/ims_qtiasiv1p2 http://www.imsglobal.org/profile/cc/ccv1p1/ccv1p1_qtiasiv1p2p1_v1p0.xsd">
  <assessment ident="i114d5d49b9705a5cce2878e42fd5b022" title="nehring">
    <qtimetadata>
      <qtimetadatafield>
        <fieldlabel>cc_profile</fieldlabel>
        <fieldentry>cc.exam.v0p1</fieldentry>
      </qtimetadatafield>
      <qtimetadatafield>
        <fieldlabel>qmd_assessmenttype</fieldlabel>
        <fieldentry>Examination</fieldentry>
      </qtimetadatafield>
      <qtimetadatafield>
        <fieldlabel>qmd_scoretype</fieldlabel>
        <fieldentry>Percentage</fieldentry>
      </qtimetadatafield>
      <qtimetadatafield>
        <fieldlabel>cc_maxattempts</fieldlabel>
        <fieldentry>1</fieldentry>
      </qtimetadatafield>
    </qtimetadata>
    <section ident="root_section">
      <item ident="ic4cfc2ed47d3cc59e7f967c5fd5274c9" title="Question">
        <itemmetadata>
          <qtimetadata>
            <qtimetadatafield>
              <fieldlabel>cc_profile</fieldlabel>
              <fieldentry>cc.multiple_choice.v0p1</fieldentry>
            </qtimetadatafield>
          </qtimetadata>
        </itemmetadata>
        <presentation>
          <material>
            <mattext texttype="text/html">&lt;div&gt;
&lt;p&gt;I want mcdonalds&lt;/p&gt;
&lt;p&gt;&lt;a id="media_comment_m-5U5Jww6HL7zG35CgyaYGyA5bhzsremxY" class="instructure_inline_media_comment audio_comment" href="%24IMS-CC-FILEBASE%24/media_objects/m-5U5Jww6HL7zG35CgyaYGyA5bhzsremxY.flv"&gt;this is a media comment&lt;/a&gt;&lt;/p&gt;
&lt;/div&gt;</mattext>
          </material>
          <response_lid ident="response1" rcardinality="Single">
            <render_choice>
              <response_label ident="93445">
                <material>
                  <mattext texttype="text/plain">yes</mattext>
                </material>
              </response_label>
              <response_label ident="60252">
                <material>
                  <mattext texttype="text/plain">no</mattext>
                </material>
              </response_label>
              <response_label ident="36278">
                <material>
                  <mattext texttype="text/plain">No answer text provided.</mattext>
                </material>
              </response_label>
              <response_label ident="71951">
                <material>
                  <mattext texttype="text/plain">No answer text provided.</mattext>
                </material>
              </response_label>
            </render_choice>
          </response_lid>
        </presentation>
        <resprocessing>
          <outcomes>
            <decvar maxvalue="100" minvalue="0" varname="SCORE" vartype="Decimal"/>
          </outcomes>
          <respcondition continue="No">
            <conditionvar>
              <varequal respident="response1">93445</varequal>
            </conditionvar>
            <setvar action="Set" varname="SCORE">100</setvar>
          </respcondition>
        </resprocessing>
      </item>
    </section>
  </assessment>
</questestinterop>
