<?xml version="1.0" encoding="UTF-8"?>
<quiz identifier="i114d5d49b9705a5cce2878e42fd5b022" xmlns="http://canvas.instructure.com/xsd/cccv1p0" xmlns:xsi="http://www.w3.org/2001/XMLSchema-instance" xsi:schemaLocation="http://canvas.instructure.com/xsd/cccv1p0 http://canvas.instructure.com/xsd/cccv1p0.xsd">
  <title>nehring</title>
  <description>&lt;p&gt;test&lt;/p&gt;</description>
  <shuffle_answers>false</shuffle_answers>
  <scoring_policy>keep_highest</scoring_policy>
  <quiz_type>assignment</quiz_type>
  <points_possible>1</points_possible>
  <lockdown_browser_monitor_data></lockdown_browser_monitor_data>
  <show_correct_answers>true</show_correct_answers>
  <anonymous_submissions>false</anonymous_submissions>
  <allowed_attempts>1</allowed_attempts>
  <one_question_at_a_time>false</one_question_at_a_time>
  <cant_go_back>false</cant_go_back>
  <available>true</available>
  <one_time_results>false</one_time_results>
  <show_correct_answers_last_attempt>false</show_correct_answers_last_attempt>
  <assignment identifier="i695f78f38d4ed0a3fe0dfcc9f81438bd">
    <title>nehring</title>
    <assignment_group_identifierref>i482d909a4b44e01771fecc8530aa917a</assignment_group_identifierref>
    <workflow_state>published</workflow_state>
    <quiz_identifierref>i114d5d49b9705a5cce2878e42fd5b022</quiz_identifierref>
    <has_group_category>false</has_group_category>
    <points_possible>1</points_possible>
    <grading_type>points</grading_type>
    <all_day>false</all_day>
    <submission_types>online_quiz</submission_types>
    <position>3</position>
    <peer_review_count>0</peer_review_count>
    <peer_reviews>false</peer_reviews>
    <automatic_peer_reviews>false</automatic_peer_reviews>
    <muted>false</muted>
  </assignment>
  <assignment_group_identifierref>i482d909a4b44e01771fecc8530aa917a</assignment_group_identifierref>
</quiz>
