<?xml version="1.0" encoding="UTF-8"?>
<manifest xmlns:lomimscc="http://ltsc.ieee.org/xsd/imsccv1p1/LOM/manifest" xmlns:xsi="http://www.w3.org/2001/XMLSchema-instance" xsi:schemaLocation="http://www.imsglobal.org/xsd/imsccv1p1/imscp_v1p1 http://www.imsglobal.org/profile/cc/ccv1p1/ccv1p1_imscp_v1p2_v1p0.xsd http://ltsc.ieee.org/xsd/imsccv1p1/LOM/resource http://www.imsglobal.org/profile/cc/ccv1p1/LOM/ccv1p1_lomresource_v1p0.xsd http://ltsc.ieee.org/xsd/imsccv1p1/LOM/manifest http://www.imsglobal.org/profile/cc/ccv1p1/LOM/ccv1p1_lommanifest_v1p0.xsd" xmlns="http://www.imsglobal.org/xsd/imsccv1p1/imscp_v1p1" identifier="ice7b901122b7d4060f91fcf8795ce04b" xmlns:lom="http://ltsc.ieee.org/xsd/imsccv1p1/LOM/resource">
  <metadata>
    <schema>IMS Common Cartridge</schema>
    <schemaversion>1.1.0</schemaversion>
    <lomimscc:lom>
      <lomimscc:general>
        <lomimscc:title>
          <lomimscc:string>ioiuijij</lomimscc:string>
        </lomimscc:title>
      </lomimscc:general>
      <lomimscc:lifeCycle>
        <lomimscc:contribute>
          <lomimscc:date>
            <lomimscc:dateTime>2013-01-09</lomimscc:dateTime>
          </lomimscc:date>
        </lomimscc:contribute>
      </lomimscc:lifeCycle>
      <lomimscc:rights>
        <lomimscc:copyrightAndOtherRestrictions>
          <lomimscc:value>yes</lomimscc:value>
        </lomimscc:copyrightAndOtherRestrictions>
        <lomimscc:description>
          <lomimscc:string>Private (Copyrighted) - http://en.wikipedia.org/wiki/Copyright</lomimscc:string>
        </lomimscc:description>
      </lomimscc:rights>
    </lomimscc:lom>
  </metadata>
  <organizations>
    <organization identifier="org_1" structure="rooted-hierarchy">
      <item identifier="LearningModules">
      </item>
    </organization>
  </organizations>
  <resources>
    <resource href="course_settings/syllabus.html" identifier="icd8b243d17effde5f313511621ee6175_syllabus" intendeduse="syllabus" type="associatedcontent/imscc_xmlv1p1/learning-application-resource">
      <file href="course_settings/syllabus.html"/>
    </resource>
    <resource href="course_settings/canvas_export.txt" identifier="icd8b243d17effde5f313511621ee6175" type="associatedcontent/imscc_xmlv1p1/learning-application-resource">
      <file href="course_settings/course_settings.xml"/>
      <file href="course_settings/files_meta.xml"/>
      <file href="course_settings/canvas_export.txt"/>
    </resource>
    <resource type="associatedcontent/imscc_xmlv1p1/learning-application-resource" href="non_cc_assessments/i701580ff45ac82ee306325d4629f1490.xml.qti" identifier="i701580ff45ac82ee306325d4629f1490">
      <file href="non_cc_assessments/i701580ff45ac82ee306325d4629f1490.xml.qti"/>
    </resource>
  </resources>
</manifest>
